ano;id_categoria;id_sexo_condutor;id_faixa_etaria;is_media_valor;expostos;premio_medio_valor;freq_sinistro;indice_sinistralidade_perc;freq_incendio_e_roubo_perc;freq_incendio_e_roubo;indeniz_incendio_e_roubo_valor;freq_colisao;indeniz_colisao_valor;freq_outras;indeniz_outras_valor
2019;3;1;1;9210;14218;710;1888;13.28;2.3;289;2402724;670;2451107;929;220039
2019;3;1;2;9713;41201;655;5795;14.7;1.92;792;7143292;1451;5397303;3552;820221
2019;3;1;3;10756;36358;651;5051;13.89;1.69;614;5437708;1206;5384271;3231;693023
2019;3;1;4;12034;16499;670;2501;15.16;1.45;240;2269556;518;2604991;1743;398484
2019;3;1;5;14156;4525;741;865;19.12;1.55;70;648470;147;1060355;648;174444
2019;3;2;1;12023;39946;963;6850;NULL;NULL;1599;14060059;2283;11697013;2968;686747
2019;3;2;2;14691;120123;938;17071;NULL;NULL;3759;37348393;3635;25697657;9677;2208471
2019;3;2;3;17989;148717;973;21608;NULL;NULL;3515;41756346;3955;37773724;14138;3466404
2019;3;2;4;21451;107809;1039;13890;NULL;NULL;1654;23279572;2439;28528248;9797;2064769
2019;3;2;5;24614;72520;1113;10038;13.84;1.4;754;12673300;1603;25749860;7681;1652885
2019;2;1;1;43472;4320;2120;1305;30.21;NULL;28;963529;244;3350562;1033;657979
2019;2;1;2;54737;39437;1905;13683;34.7;NULL;309;13321939;2352;41202316;11022;9618514
2019;2;1;3;62551;70578;1906;23740;33.64;NULL;392;16974866;4254;74344961;19094;18403161
2019;2;1;4;62761;56203;1912;18761;33.38;NULL;256;11667111;3276;57621449;15229;13092618
2019;2;1;5;58262;67262;1767;26334;39.15;NULL;237;10914656;4227;70914989;21870;13713625
2019;2;2;1;51886;5702;2650;1643;28.81;NULL;51;1712480;438;11888165;1154;1944946
2019;2;2;2;61909;51140;2348;19232;37.61;1.3;526;23680634;3523;88350782;15183;21747234
2019;2;2;3;71039;90861;2283;32396;35.65;NULL;816;40060639;6149;142966311;25431;29178379
2019;2;2;4;73229;74514;2264;23520;31.56;NULL;491;23176484;4639;98570382;18390;21665482
2019;2;2;5;70665;121599;2106;39517;32.5;NULL;493;25237832;7347;141945675;31677;32167802
2019;1;1;1;34083;122496;1435;39306;32.9;NULL;705;17530634;9744;71296534;28857;17812725
2019;1;1;2;37060;995682;1235;370631;NULL;NULL;6376;181214412;65851;475300041;298404;173253566
2019;1;1;3;38387;1378829;1184;486102;NULL;NULL;8862;262582507;88517;644072066;388723;199557296
2019;1;1;4;38260;1090651;1169;381852;NULL;NULL;5931;176312840;69899;513679521;306022;141856371
2019;1;1;5;37734;1319704;1097;506977;NULL;NULL;5573;164384563;85410;607852456;415994;157133526
2019;1;2;1;34161;130094;1583;42057;NULL;NULL;1253;30304642;11282;101250096;29522;21350463
2019;1;2;2;37602;892126;1378;357370;NULL;NULL;8705;248040642;64024;539058464;284641;225155667
2019;1;2;3;38734;1213787;1281;442730;NULL;NULL;10524;315471652;82734;691659566;349472;234819312
2019;1;2;4;38338;1104808;1227;352460;NULL;NULL;6992;212800067;71055;577940797;274413;166396746
2019;1;2;5;37743;1956523;1129;609175;NULL;NULL;8934;279559333;118257;933300000;481984;243518427
2019;4;1;1;71225;6909;2883;2292;33.17;NULL;53;2594040;659;9953754;1580;1496263
2019;4;1;2;80960;120951;2344;38029;31.44;NULL;843;52997972;8778;130502691;28408;25212461
2019;4;1;3;83621;290474;2222;98292;NULL;NULL;1789;121059728;19917;305666550;76586;63807234
2019;4;1;4;81889;242974;2158;81122;NULL;NULL;1278;82433469;16361;231479756;63483;46202559
2019;4;1;5;78706;235424;2019;82342;NULL;NULL;1009;61517658;16989;226512472;64344;40971432
2019;4;2;1;58363;11312;2566;3421;30.24;1.18;133;6674635;1097;17540364;2191;2973135
2019;4;2;2;74277;140169;2439;51176;NULL;NULL;1668;98129353;12282;214271128;37226;42454747
2019;4;2;3;81161;326937;2368;119597;NULL;NULL;3168;199603645;26036;441943612;90393;94082088
2019;4;2;4;80169;367293;2247;111004;NULL;NULL;2682;175843313;26296;418230048;82026;75242356
2019;4;2;5;77131;634553;2038;177537;NULL;NULL;3576;234525252;44027;652025059;129934;110060547
2019;5;1;1;71407;0;3598;81;NULL;NULL;4;302721;73;607476;4;44444
2019;5;1;2;123603;2;2417;531;NULL;NULL;34;1714059;484;5557967;13;198919
2019;5;1;3;66332;19;1847;902;4747.37;331.58;63;3303814;811;9656329;28;409675
2019;5;1;4;75347;23;1928;702;3052.17;165.22;38;1890302;639;7689292;25;798968
2019;5;1;5;70250;15;1942;440;2933.33;NULL;15;620859;410;5086524;15;68319
2019;5;2;2;92825;2;2156;2;NULL;NULL;1;109025;1;4825;0;0
2019;5;2;3;91423;22;2317;8;36.36;NULL;0;0;3;78052;5;2934
2019;5;2;4;57931;24;1670;3;12.5;NULL;0;0;0;0;3;2004
2019;5;2;5;67626;23;1845;9;39.13;NULL;0;0;0;0;9;1859
2018;3;1;1;8500;12640;697;2682;21.22;1.76;222;1798013;612;1919367;1848;225978
2018;3;1;2;8996;36098;663;8113;22.47;2.3;732;6256343;1160;3872511;6221;821254
2018;3;1;3;10012;28601;670;6745;23.58;1.96;562;5305476;876;3275364;5307;699613
2018;3;1;4;11470;12826;712;3216;25.7;1.82;234;2143406;345;1754297;2637;338175
2018;3;1;5;13789;3343;780;1067;31.92;1.44;48;529827;97;732524;922;127132
2018;3;2;1;11234;28287;992;8672;NULL;NULL;1183;11186218;1624;7180952;5865;678969
2018;3;2;2;13959;95434;989;24308;NULL;NULL;3041;32938982;2730;18323365;18537;2325234
2018;3;2;3;17483;115659;1040;30012;NULL;NULL;2842;36525912;2835;26049060;24335;3539699
2018;3;2;4;20930;88040;1116;20932;NULL;NULL;1671;23841541;1898;21531711;17363;2346526
2018;3;2;5;24151;58191;1182;14626;25.13;1.25;729;12736689;1232;20021324;12665;1693809
2018;2;1;1;40737;5325;2127;1395;26.2;NULL;28;1150855;359;4805623;1008;849328
2018;2;1;2;49284;49064;1898;15254;31.9;NULL;425;17691517;3054;46372890;11775;11621438
2018;2;1;3;55909;78313;1911;23717;30.28;NULL;555;25223518;4540;73465177;18622;16435280
2018;2;1;4;56137;63542;1927;20037;31.53;NULL;360;16250524;3755;61924444;15922;11724349
2018;2;1;5;52579;73364;1795;26476;36.9;NULL;325;14568925;4254;66799985;21897;11808802
2018;2;2;1;47522;5971;2735;1924;32.22;1.21;72;2944418;512;11756221;1340;2527794
2018;2;2;2;55094;60098;2321;19716;32.81;1.1;659;30811202;4021;86406599;15036;19744879
2018;2;2;3;62202;97399;2271;30815;31.64;NULL;959;47659713;5862;129361139;23994;26777259
2018;2;2;4;64585;81036;2257;22949;28.32;NULL;560;27567696;4474;89292956;17915;18046070
2018;2;2;5;63914;130541;2128;39118;29.97;NULL;636;32508260;7122;137024370;31360;23573116
2018;1;1;1;32034;127909;1428;40474;31.64;NULL;846;22046639;10211;69974210;29417;15376297
2018;1;1;2;34564;1083616;1227;362163;NULL;NULL;8201;227971475;68940;467472101;285022;162790548
2018;1;1;3;35644;1386323;1191;449264;NULL;NULL;10726;306245076;85254;590147110;353284;171613327
2018;1;1;4;35570;1120532;1185;368528;NULL;NULL;7796;226285557;69816;482660451;290916;131868908
2018;1;1;5;35068;1292368;1115;474378;NULL;NULL;7133;207394936;77950;518493943;389295;138968692
2018;1;2;1;31529;123411;1559;40637;NULL;NULL;1296;32350200;10594;83204029;28747;19983723
2018;1;2;2;34702;934959;1356;337809;NULL;NULL;9402;268529690;62598;486473193;265809;199684452
2018;1;2;3;35405;1207478;1272;394374;NULL;NULL;11159;333445686;75195;578895047;308020;191374240
2018;1;2;4;35321;1136932;1233;335299;NULL;NULL;8519;257519211;66918;502642576;259862;148602362
2018;1;2;5;35052;1944625;1144;577494;NULL;NULL;11280;345492643;107110;786397535;459104;225037055
2018;4;1;1;65062;5538;3028;1933;34.9;NULL;49;2726130;411;6184556;1473;1134954
2018;4;1;2;73662;109750;2401;32615;29.72;NULL;859;51352992;7201;109092584;24555;20374082
2018;4;1;3;76018;250801;2313;79369;NULL;NULL;1773;109944847;15525;225406951;62071;41556012
2018;4;1;4;74597;211089;2261;67844;NULL;NULL;1495;94324308;13350;189031212;52999;34222319
2018;4;1;5;71868;194169;2130;64002;NULL;NULL;1192;75583186;12560;169909947;50250;29196127
2018;4;2;1;50081;8831;2623;2750;31.14;1.2;90;4094924;825;11442365;1835;2110749
2018;4;2;2;64199;126814;2462;47538;NULL;NULL;1693;96117104;10568;166698160;35277;35841179
2018;4;2;3;69730;289021;2426;94885;NULL;NULL;3250;208464368;20420;327243645;71215;61691108
2018;4;2;4;70213;335694;2327;96685;NULL;NULL;3067;200042600;22277;337605611;71341;58678612
2018;4;2;5;68251;554371;2122;148696;NULL;NULL;3971;258743052;35629;495693951;109096;86332312
2018;5;1;1;63246;6;2664;8;133.33;NULL;0;0;8;114785;0;0
2018;5;1;2;57052;367;1437;89;24.25;NULL;11;487104;73;1226528;5;25901
2018;5;1;3;63195;688;1483;147;21.37;1.89;13;901202;120;1798510;14;245297
2018;5;1;4;65475;476;1547;101;21.22;1.47;7;584663;92;1080334;2;4940
2018;5;1;5;64790;413;1467;62;15.1;NULL;1;27058;54;576170;7;2560
2018;5;2;1;70496;8;3245;0;NULL;NULL;0;0;0;0;0;0
2018;5;2;2;62935;433;1849;3;NULL;NULL;2;91695;1;10468;0;0
2018;5;2;3;66669;822;1760;5;NULL;NULL;2;115522;2;22433;1;396
2018;5;2;4;73369;670;1885;13;1.94;NULL;1;76742;3;47037;9;58867
2018;5;2;5;75490;789;1816;11;1.39;NULL;0;0;2;7661;9;4100
2017;3;1;1;7992;12140;666;2720;22.41;2.1;255;2081233;567;1626275;1898;229614
2017;3;1;2;8476;32942;646;7608;23.1;2.13;703;5823917;1068;3250739;5837;678952
2017;3;1;3;9543;23245;671;5781;24.87;1.89;439;3960648;778;3190077;4564;490325
2017;3;1;4;11088;10105;723;2825;27.96;1.74;176;1713688;302;1415556;2347;221807
2017;3;1;5;13606;2495;794;756;30.3;1.72;43;522890;69;408378;644;116806
2017;3;2;1;10543;22651;1012;7711;34.4;3.4;770;7951685;1470;6274769;5471;591657
2017;3;2;2;13374;80457;1027;24023;NULL;NULL;2448;29492070;2599;17126147;18976;2034534
2017;3;2;3;16992;94601;1092;27255;NULL;NULL;2409;33856833;2483;24185682;22363;2314730
2017;3;2;4;20558;75377;1164;20178;NULL;NULL;1479;22912002;1767;21649669;16932;1668175
2017;3;2;5;23655;47776;1205;13203;27.64;1.48;705;12970956;1081;16359561;11417;1246035
2017;2;1;1;39100;7142;2081;2455;34.37;NULL;30;945480;563;6860329;1862;905481
2017;2;1;2;45683;56647;1812;20290;35.82;NULL;491;19374105;3982;62833770;15817;9544040
2017;2;1;3;51469;79652;1820;28225;35.44;NULL;633;26708325;5466;79244565;22126;10953843
2017;2;1;4;51254;65350;1834;23931;36.62;NULL;462;19878060;4595;68133201;18874;9015102
2017;2;1;5;49180;72568;1723;29986;41.32;NULL;345;13773009;5013;69371742;24628;10130951
2017;2;2;1;45362;7909;2663;2950;37.3;1.2;81;3164814;711;14738379;2158;2151322
2017;2;2;2;51629;69225;2248;25698;37.12;1.21;837;38517611;5686;110378439;19175;16552021
2017;2;2;3;58366;98886;2168;35850;NULL;NULL;1049;51153678;7071;134665859;27730;18902586
2017;2;2;4;59943;83210;2152;27425;32.96;NULL;630;28461053;5554;97562880;21241;14907970
2017;2;2;5;59695;128997;2038;44490;34.49;NULL;738;33761768;8468;136024435;35284;20555740
2017;1;1;1;30111;145527;1364;48881;NULL;NULL;1136;26962453;13325;83124587;34420;13489834
2017;1;1;2;32365;1102861;1188;379296;NULL;NULL;10052;254689810;81490;518325587;287754;125253793
2017;1;1;3;33387;1323164;1149;455393;NULL;NULL;12221;318470908;94125;597300592;349047;132133922
2017;1;1;4;33384;1086656;1144;392486;NULL;NULL;9599;251928996;80187;514677160;302700;107097516
2017;1;1;5;32900;1191881;1079;476879;NULL;NULL;8435;222724306;83157;514415796;385287;110555208
2017;1;2;1;29282;138113;1537;52685;NULL;NULL;1600;38202518;14873;107489334;36212;18150564
2017;1;2;2;32021;926448;1331;343516;NULL;NULL;11070;290739955;74496;541825850;257950;152282643
2017;1;2;3;32844;1151792;1239;393463;NULL;NULL;12465;342782581;85028;606834190;295970;142610178
2017;1;2;4;33026;1115214;1199;351192;NULL;NULL;10139;277899125;78825;559925212;262228;122972037
2017;1;2;5;32857;1821692;1116;584667;NULL;NULL;12842;361686122;117153;800059269;454672;181238465
2017;4;1;1;61010;5463;2898;1900;34.78;NULL;47;2902938;536;7916694;1317;610506
2017;4;1;2;67696;104294;2307;31781;30.47;NULL;964;53065792;7357;105351738;23460;12741787
2017;4;1;3;70811;224656;2236;76122;NULL;NULL;1940;112019301;15267;214767836;58915;29601319
2017;4;1;4;69469;190288;2188;65157;NULL;NULL;1515;86007009;13255;171478029;50387;23770841
2017;4;1;5;66764;163404;2066;57589;NULL;NULL;1228;67282431;12104;147927463;44257;19529349
2017;4;2;1;46544;9224;2542;3150;34.15;1.4;129;5272065;1089;14508701;1932;1309354
2017;4;2;2;58137;124462;2372;45542;NULL;NULL;1788;95145817;11926;164501063;31828;23650453
2017;4;2;3;64515;271485;2348;94335;NULL;NULL;3527;207250728;22371;326703086;68437;40767957
2017;4;2;4;64954;321971;2250;98590;NULL;NULL;3385;194302841;25152;343331813;70053;42002282
2017;4;2;5;62871;502461;2055;144181;NULL;NULL;4340;248856215;36682;463380110;103159;60871731
2017;5;1;1;30259;5;1236;0;NULL;NULL;0;0;0;0;0;0
2017;5;1;2;34895;169;1010;2;1.18;NULL;1;62739;0;0;1;416
2017;5;1;3;39530;276;1127;6;2.17;NULL;0;0;4;15837;2;2976
2017;5;1;4;40705;178;1172;2;1.12;NULL;0;0;1;34039;1;248
2017;5;1;5;40384;150;1136;10;6.67;NULL;0;0;5;66857;5;1928
2017;5;2;1;38501;4;2378;0;NULL;NULL;0;0;0;0;0;0
2017;5;2;2;40328;205;1405;7;3.41;1.95;4;240050;3;91787;0;0
2017;5;2;3;45552;371;1475;25;6.74;NULL;3;153171;19;197448;3;70075
2017;5;2;4;45714;263;1463;16;6.8;4.18;11;348940;5;49767;0;0
2017;5;2;5;46899;298;1442;10;3.36;NULL;1;82559;4;20035;5;1858
2016;3;1;1;7616;11616;640;2536;21.83;2.3;236;1702617;523;1327923;1777;170133
2016;3;1;2;8095;29286;627;7465;25.49;2.24;655;5364143;975;2796062;5835;589582
2016;3;1;3;9058;19193;657;5154;26.85;2.24;430;3772124;598;2199041;4126;459141
2016;3;1;4;10684;8275;704;2440;29.49;1.76;146;1436064;240;1052929;2054;344507
2016;3;1;5;13154;1824;796;543;29.77;1.75;32;479022;47;386993;464;122727
2016;3;2;1;10071;20463;1004;7354;35.94;3.5;717;7306734;1337;5796402;5300;558813
2016;3;2;2;13033;72578;1045;23002;NULL;NULL;2194;27339014;2574;17934752;18234;2000103
2016;3;2;3;16590;81834;1105;25106;NULL;NULL;2073;29030945;2383;22011350;20650;3170162
2016;3;2;4;19992;67114;1150;19343;NULL;NULL;1301;19632175;1633;17933374;16409;3532106
2016;3;2;5;23193;39571;1175;11602;29.32;1.41;557;9253217;930;12774611;10115;2091034
2016;2;1;1;38841;9404;1912;4034;42.9;NULL;72;2002643;779;10065831;3183;1698842
2016;2;1;2;45753;66966;1716;25569;38.18;NULL;668;24953906;5037;64265458;19864;13693622
2016;2;1;3;51498;85972;1746;33442;38.9;NULL;754;28040487;6047;79836982;26641;17473387
2016;2;1;4;51551;73220;1768;29074;39.71;NULL;619;22339131;5486;71598919;22969;13448090
2016;2;1;5;49897;77402;1661;33840;43.72;NULL;516;19430669;5740;69146019;27584;14180263
2016;2;2;1;44727;12852;2164;5076;39.5;1.26;162;5355911;1150;21815317;3764;3248424
2016;2;2;2;51519;91637;2004;32533;NULL;NULL;1237;50580106;7497;135770487;23799;23829227
2016;2;2;3;58811;112331;2018;41987;NULL;NULL;1302;57988588;8285;141879940;32400;28377505
2016;2;2;4;59968;95270;2029;32292;33.9;NULL;847;35625324;6835;111162940;24610;21106685
2016;2;2;5;60270;137714;1958;48973;35.56;NULL;883;38717437;9671;144191597;38419;31041559
2016;1;1;1;28922;169714;1246;61479;NULL;NULL;1592;31491538;16848;96360269;43039;18985325
2016;1;1;2;31370;1201428;1093;369804;NULL;NULL;12553;280998157;93065;544818399;264186;148694074
2016;1;1;3;32474;1341721;1067;432004;NULL;NULL;13846;330713004;97698;578883676;320460;148826265
2016;1;1;4;32450;1124838;1069;389482;NULL;NULL;10785;254325403;86028;517518254;292669;126662299
2016;1;1;5;31915;1167014;1007;455276;NULL;NULL;9298;219117275;85148;489053910;360830;120613633
2016;1;2;1;28463;186818;1338;69430;NULL;NULL;2299;45696593;19468;132240425;47663;22840592
2016;1;2;2;31049;1079852;1182;316720;NULL;NULL;13539;319271850;88308;585909398;214873;167873833
2016;1;2;3;31940;1221292;1124;361911;NULL;NULL;13838;347818899;89441;603318157;258632;162118000
2016;1;2;4;32155;1185552;1106;342971;NULL;NULL;11337;287743029;84901;560217263;246733;144273579
2016;1;2;5;31885;1806693;1041;550720;NULL;NULL;14222;362437466;119725;769925046;416773;199491177
2016;4;1;1;58663;5619;2757;2247;39.99;NULL;53;3044826;595;7708089;1599;1307656
2016;4;1;2;65576;101787;2210;33064;NULL;NULL;1161;56509700;7723;102476977;24180;18951715
2016;4;1;3;69233;208961;2155;75521;NULL;NULL;1928;102477507;14965;191934789;58628;36326287
2016;4;1;4;67240;177888;2101;64284;NULL;NULL;1625;80353956;12989;158269576;49670;30370913
2016;4;1;5;64450;142729;1990;52629;NULL;NULL;1230;61671339;10817;128335168;40582;22161878
2016;4;2;1;45026;10913;2452;4381;40.14;1.68;183;7610426;1393;16510034;2805;1735064
2016;4;2;2;57011;132351;2315;47510;NULL;NULL;2273;110049135;13434;180964844;31803;28055282
2016;4;2;3;63742;268138;2289;97626;NULL;NULL;3959;212375911;23055;318936345;70612;55031462
2016;4;2;4;63551;319627;2184;102716;NULL;NULL;3732;197435040;25589;334811570;73395;60420603
2016;4;2;5;61134;465798;1989;140860;NULL;NULL;4619;242592379;35703;431976361;100538;73609504
2016;5;1;1;51114;3;2032;0;NULL;NULL;0;0;0;0;0;0
2016;5;1;2;60494;259;1914;0;NULL;NULL;0;0;0;0;0;0
2016;5;1;3;59780;474;1911;9;1.9;NULL;0;0;6;158797;3;833
2016;5;1;4;61737;330;1867;4;1.21;NULL;1;39650;2;5271;1;382
2016;5;1;5;58079;248;1748;4;1.61;NULL;0;0;4;34429;0;0
2016;5;2;1;69030;8;3790;0;NULL;NULL;0;0;0;0;0;0
2016;5;2;2;69583;688;2454;10;1.45;NULL;1;67584;8;236931;1;35046
2016;5;2;3;71886;1345;2426;29;2.16;NULL;5;301654;19;293093;5;2494
2016;5;2;4;72628;1170;2343;33;2.82;NULL;4;201398;19;281235;10;60641
2016;5;2;5;72183;1116;2211;23;2.6;NULL;3;144703;15;321281;5;35442
2015;3;1;1;7231;12089;637;2297;NULL;1.94;235;1687042;518;1104829;1544;160429
2015;3;1;2;7756;28339;637;6489;22.9;1.98;562;4141254;861;2255498;5066;465770
2015;3;1;3;8796;17219;674;4227;24.55;NULL;345;2694135;509;1656619;3373;298905
2015;3;1;4;10494;7257;729;2052;28.28;1.68;122;1003123;200;880336;1730;145123
2015;3;1;5;13325;1500;827;452;30.13;1.2;18;282285;48;338477;386;33628
2015;3;2;1;9667;19804;1033;6153;31.7;NULL;595;6111379;1245;5020012;4313;454442
2015;3;2;2;12670;68216;1090;20027;NULL;NULL;1859;22232118;2326;15225876;15842;1700941
2015;3;2;3;16175;75900;1149;21950;NULL;NULL;1617;21654441;2045;18282774;18288;1881847
2015;3;2;4;19474;62964;1192;17376;NULL;NULL;1098;16306773;1478;15965325;14800;1545455
2015;3;2;5;22522;33675;1175;9765;NULL;1.2;404;6437557;802;11830043;8559;832715
2015;2;1;1;41924;8995;2178;5094;56.63;NULL;77;2426229;941;10712883;4076;1296816
2015;2;1;2;47626;60691;1852;27902;45.97;NULL;556;19491530;4630;53559975;22716;9242401
2015;2;1;3;52650;73354;1864;37308;50.86;NULL;588;22589724;5526;65744848;31194;11168556
2015;2;1;4;52559;65719;1853;33743;51.34;NULL;486;18771595;5170;57965962;28087;10362830
2015;2;1;5;50954;65707;1729;36042;54.85;NULL;366;14685263;5210;56804499;30466;9065811
2015;2;2;1;52024;10850;2907;6851;63.14;1.18;128;5148383;1334;23289593;5389;2573176
2015;2;2;2;55981;80096;2310;34163;42.65;1.23;987;41703266;7168;115249044;26008;18661034
2015;2;2;3;62311;96528;2242;41409;NULL;NULL;1052;49080776;7554;118257712;32803;20152267
2015;2;2;4;62970;85086;2199;34578;40.64;NULL;697;30141525;6749;91991814;27132;17010985
2015;2;2;5;62280;118431;2073;50103;42.31;NULL;695;29082750;8813;116358901;40595;18736515
2015;1;1;1;27924;172817;1307;70578;NULL;NULL;1917;37248649;17649;104415467;51012;16023553
2015;1;1;2;30407;1145040;1142;396251;NULL;NULL;12196;273381574;89593;525313392;294462;107946715
2015;1;1;3;31815;1218055;1113;463117;NULL;NULL;12191;284292617;89916;524767325;361010;105102835
2015;1;1;4;31776;1053218;1108;429777;NULL;NULL;9889;224331465;80931;480117440;338957;91254100
2015;1;1;5;31013;1028769;1033;483405;NULL;NULL;8353;194149287;78145;436602495;396907;81266952
2015;1;2;1;28002;187439;1530;88686;NULL;NULL;2598;52435029;21728;156783746;64360;28052720
2015;1;2;2;30470;1030264;1282;342032;NULL;NULL;13042;300280972;89493;599560432;239497;137666497
2015;1;2;3;31650;1133596;1205;383722;NULL;NULL;12781;310892420;88367;580168176;282574;120415279
2015;1;2;4;31934;1121928;1169;371868;NULL;NULL;10651;261289750;85576;559749014;275641;108880269
2015;1;2;5;31354;1609457;1079;569509;NULL;NULL;12792;316076756;114553;719189408;442164;140459960
2015;4;1;1;55872;5533;2877;2553;46.14;1.21;67;2586970;648;8569703;1838;708500
2015;4;1;2;63824;86646;2350;34092;NULL;NULL;1029;50943668;6803;83705582;26260;11135649
2015;4;1;3;67624;168229;2278;76393;NULL;NULL;1709;84835327;12057;150744141;62627;22829691
2015;4;1;4;65150;144613;2195;64035;NULL;NULL;1369;65200535;10478;129483161;52188;16984449
2015;4;1;5;61892;108389;2075;48221;44.49;NULL;991;44853046;8475;96345339;38755;10614303
2015;4;2;1;44095;11904;2622;6255;52.55;1.81;216;7166829;1734;20521637;4305;1786378
2015;4;2;2;55822;126109;2466;51616;NULL;NULL;2258;104374347;12950;173105732;36408;22021764
2015;4;2;3;62485;241372;2417;98048;NULL;NULL;3483;180022093;20159;278537873;74406;38986431
2015;4;2;4;61895;280944;2295;103101;NULL;NULL;3266;163177831;21958;292188973;77877;39018321
2015;4;2;5;59378;374292;2080;128146;NULL;NULL;3561;168346466;27724;340920630;96861;44889595
2015;5;1;1;42;0;1978;1;NULL;NULL;0;0;1;879;0;0
2015;5;1;2;27474;11;2587;1;9.9;NULL;0;0;1;17491;0;0
2015;5;1;3;34858;26;1687;5;19.23;3.85;1;80148;3;18594;1;150
2015;5;1;4;45642;17;3051;0;NULL;NULL;0;0;0;0;0;0
2015;5;1;5;23012;14;2671;6;42.86;NULL;0;0;5;172915;1;35
2015;5;2;1;42;1;9451;4;NULL;NULL;3;142217;1;11404;0;0
2015;5;2;2;33187;29;3091;7;24.14;10.34;3;253190;4;182995;0;0
2015;5;2;3;39203;69;2872;18;26.9;4.35;3;174961;14;278942;1;130
2015;5;2;4;35773;51;2833;10;19.61;1.96;1;73142;6;138991;3;549
2015;5;2;5;31612;42;2559;14;33.33;NULL;0;0;2;27296;12;65944
2014;3;1;1;7396;11600;615;2373;20.46;2.29;266;1855115;576;1549295;1531;153160
2014;3;1;2;9568;26683;663;5870;NULL;2.28;609;5391703;1085;3926150;4176;519730
2014;3;1;3;13031;16651;779;3514;21.1;2.22;370;4424513;733;3813604;2411;199112
2014;3;1;4;18310;8719;948;1875;21.5;1.82;159;2751193;423;2830472;1293;153254
2014;3;1;5;27640;3635;1196;616;16.95;1.9;69;1793373;282;2431568;265;116358
2014;3;2;1;10144;19382;984;5973;30.82;3.52;683;6660552;1457;5692667;3833;378604
2014;3;2;2;14724;68560;1075;20126;NULL;NULL;2213;29012787;3387;22985310;14526;1693729
2014;3;2;3;18667;76358;1140;20617;NULL;NULL;1863;29195328;3040;25027203;15714;1741526
2014;3;2;4;21939;64729;1182;15664;NULL;NULL;1279;22549454;2324;21474759;12061;1476684
2014;3;2;5;25565;37487;1169;8618;22.99;1.32;495;10967990;1579;16949728;6544;810684
2014;2;1;1;36250;19389;1661;5997;30.93;1.29;250;6436269;2491;19794172;3256;1465295
2014;2;1;2;41444;113698;1505;30047;NULL;NULL;1378;40990399;10219;88215220;18450;10150933
2014;2;1;3;46259;115795;1564;33807;NULL;NULL;1184;38211200;9372;84623718;23251;11071748
2014;2;1;4;44910;112066;1525;31611;NULL;NULL;1116;33295119;9384;85324388;21111;9223777
2014;2;1;5;43996;104999;1437;31607;30.1;NULL;830;25234039;8501;72669133;22276;7862986
2014;2;2;1;40607;24560;2039;7668;31.22;1.46;359;10859357;3082;38535864;4227;2977904
2014;2;2;2;46217;149903;1788;37490;NULL;NULL;2030;72182325;14542;170702770;20918;17767054
2014;2;2;3;51905;158665;1778;40277;NULL;NULL;1856;68373747;13414;150413183;25007;17738548
2014;2;2;4;50994;154704;1706;35805;NULL;NULL;1492;52517082;12726;134585272;21587;14399692
2014;2;2;5;51922;187223;1662;47440;NULL;NULL;1472;50380260;14460;150722766;31508;18664117
2014;1;1;1;27646;168502;1269;60842;NULL;NULL;1668;32106125;16653;93555567;42521;15384811
2014;1;1;2;29921;1117113;1124;361258;NULL;NULL;11216;238595165;86338;461445028;263704;98983562
2014;1;1;3;31405;1179399;1088;394333;NULL;NULL;11309;253107944;86216;464502201;296808;91466118
2014;1;1;4;31352;1034606;1075;365087;NULL;NULL;9641;213202078;77856;422075272;277590;79852116
2014;1;1;5;30462;984621;996;384815;NULL;NULL;7333;162183028;70480;364432271;307002;67148556
2014;1;2;1;27723;174970;1510;73814;NULL;NULL;2529;50019582;21344;140998931;49941;27092240
2014;1;2;2;30454;994798;1268;319494;NULL;NULL;12169;264095006;87599;535215035;219726;125085076
2014;1;2;3;31956;1105494;1187;348650;NULL;NULL;11510;268425572;86228;520147613;250912;107074102
2014;1;2;4;32268;1118664;1153;339457;NULL;NULL;10028;231699561;83825;510039481;245604;95983798
2014;1;2;5;31233;1574998;1056;493889;NULL;NULL;11925;280590920;108155;643878425;373809;116081865
2014;4;1;1;59710;5357;2855;2368;44.2;1.14;61;2378126;683;7994778;1624;862331
2014;4;1;2;66181;85356;2270;28785;33.72;NULL;830;39414020;6382;73128835;21573;9335211
2014;4;1;3;68519;159002;2225;58056;NULL;NULL;1410;70184887;10365;122800768;46281;16586729
2014;4;1;4;65409;134771;2089;49035;NULL;NULL;1058;48677713;8901;101730074;39076;12675891
2014;4;1;5;62563;95933;1971;34700;36.17;NULL;676;28469609;6669;70036937;27355;9110859
2014;4;2;1;48244;11310;2773;6139;54.28;2.16;244;10498851;1899;22992991;3996;2865828
2014;4;2;2;60589;123703;2437;47721;NULL;NULL;1961;91500306;12001;153542735;33759;22017340
2014;4;2;3;66588;231070;2339;85299;NULL;NULL;3040;153512948;17855;237398160;64404;32461230
2014;4;2;4;65092;268539;2237;87645;NULL;NULL;2760;140308882;18399;227173914;66486;31161549
2014;4;2;5;61123;349518;1998;106391;NULL;NULL;3020;143972762;22971;267880711;80400;36117095
2014;5;1;1;67211;4;2483;0;NULL;NULL;0;0;0;0;0;0
2014;5;1;2;58531;53;2072;8;15.9;NULL;0;0;7;58370;1;190
2014;5;1;3;61183;85;2063;7;8.24;NULL;0;0;5;48417;2;523
2014;5;1;4;60656;69;1961;4;5.8;NULL;0;0;3;172889;1;35
2014;5;1;5;61143;64;2117;12;18.75;1.56;1;21109;10;107151;1;34
2014;5;2;1;43631;6;2294;3;NULL;16.67;1;43326;2;55201;0;0
2014;5;2;2;54302;81;2083;23;28.4;2.47;2;80787;17;301941;4;748
2014;5;2;3;57245;134;2091;31;23.13;NULL;1;85034;24;458776;6;8723
2014;5;2;4;54057;147;1947;20;13.61;1.36;2;25156;9;63242;9;15830
2014;5;2;5;52337;171;1818;21;12.28;1.17;2;47229;15;224900;4;673
2013;3;1;1;7335;11386;547;2097;18.42;1.87;213;1498236;536;1140459;1348;105200
2013;3;1;2;11177;24888;680;4971;19.97;2.3;504;4935765;998;3982705;3469;387736
2013;3;1;3;16241;16529;857;2928;17.71;1.88;311;4518736;773;4367849;1844;221248
2013;3;1;4;22820;10394;1077;1749;16.83;1.92;200;4322578;603;3830668;946;171439
2013;3;1;5;29497;6036;1282;761;12.61;1.91;115;3189754;448;3092136;198;87783
2013;3;2;1;10050;19195;878;6027;31.4;3.17;608;5254075;1506;5407085;3913;328728
2013;3;2;2;15987;65764;1055;18487;NULL;NULL;1733;22337692;3334;22784064;13420;1316108
2013;3;2;3;20075;76003;1094;18646;NULL;NULL;1588;25363095;3120;26217415;13938;1599661
2013;3;2;4;23393;65689;1151;14614;NULL;NULL;1081;19975124;2660;24059384;10873;1305788
2013;3;2;5;26799;40391;1158;7781;19.26;1.32;532;11721234;1847;17379154;5402;985177
2013;2;1;1;34221;27667;1556;5412;19.56;1.13;312;7893812;2647;18645866;2453;1642296
2013;2;1;2;38300;156949;1363;30209;NULL;NULL;1928;54364738;12648;91782950;15633;9805131
2013;2;1;3;41556;153757;1390;32794;NULL;NULL;1681;47552081;12029;90219171;19084;9112319
2013;2;1;4;39444;166199;1359;34257;NULL;NULL;1746;45256666;14596;109841378;17915;9707487
2013;2;1;5;38384;150014;1283;32372;NULL;NULL;1456;38165426;12603;90132193;18313;7916990
2013;2;2;1;36386;36028;1828;7708;21.39;1.55;559;15278346;4234;41564235;2915;3125119
2013;2;2;2;41712;203561;1583;38952;NULL;NULL;2974;91661488;18903;187477111;17075;18935965
2013;2;2;3;45373;206696;1535;39709;NULL;NULL;2539;80697900;16559;153742236;20611;18596110
2013;2;2;4;43606;223810;1481;39649;NULL;NULL;2393;69884813;18797;160035366;18459;15358001
2013;2;2;5;44374;251476;1441;48763;NULL;NULL;2392;70690238;19864;168853796;26507;18635027
2013;1;1;1;26459;180320;1174;55924;NULL;NULL;1951;35776663;19378;99278250;34595;12572825
2013;1;1;2;29170;1126655;1056;331942;NULL;NULL;12119;234264204;92984;439510927;226839;78965418
2013;1;1;3;30642;1164057;1017;353416;NULL;NULL;11571;236672136;90587;433760832;251258;69748468
2013;1;1;4;30587;1021605;1005;330416;NULL;NULL;9884;197733744;82289;395111585;238243;62037827
2013;1;1;5;29470;922544;922;335239;NULL;NULL;7359;146508901;71273;322338720;256607;51603146
2013;1;2;1;26847;165155;1412;62524;NULL;NULL;2579;48429511;23886;148326225;36059;20917388
2013;1;2;2;29475;959137;1199;292397;NULL;NULL;13261;263851817;96474;516602787;182662;109826324
2013;1;2;3;30727;1048231;1106;311300;NULL;NULL;11936;252077353;90283;471858722;209081;91717528
2013;1;2;4;30970;1066648;1078;301634;NULL;NULL;10317;216641408;87559;460330601;203758;80240092
2013;1;2;5;29872;1457972;982;432643;NULL;NULL;11969;250751214;109133;565570651;311541;94798857
2013;4;1;1;59284;5964;2582;2147;NULL;1.4;62;2465412;721;8069150;1364;671470
2013;4;1;2;65434;87755;2134;26070;29.71;1.6;928;42700679;6219;68030788;18923;8640492
2013;4;1;3;67358;158880;2030;52861;NULL;NULL;1385;64988151;10468;113817530;41008;14665459
2013;4;1;4;64175;133424;1956;44702;NULL;NULL;1089;45625707;9118;94691855;34495;11395018
2013;4;1;5;61208;90045;1839;30066;33.39;NULL;706;30601388;6537;65947710;22823;8101806
2013;4;2;1;48033;11207;2522;6122;54.63;2.33;261;9647490;2216;28080465;3645;2540883
2013;4;2;2;59050;123717;2291;47152;NULL;NULL;2217;96712441;13225;154208949;31710;20937857
2013;4;2;3;64734;229446;2205;82809;NULL;NULL;2920;133215967;18883;231607259;61006;30694366
2013;4;2;4;63373;268194;2102;85728;NULL;NULL;2811;128317203;20224;238332865;62693;30061645
2013;4;2;5;59276;331252;1886;95063;NULL;NULL;2626;110356057;23205;253399091;69232;31290697
2013;5;1;1;59588;6;2326;1;16.67;NULL;0;0;0;0;1;220
2013;5;1;2;53342;93;2020;10;10.75;3.23;3;131109;5;31029;2;540
2013;5;1;3;55328;135;1874;11;8.15;NULL;0;0;7;63435;4;7185
2013;5;1;4;53300;100;1792;13;NULL;NULL;0;0;5;24777;8;24569
2013;5;1;5;48883;92;1880;4;4.35;NULL;0;0;4;11281;0;0
2013;5;2;1;38448;9;2138;2;22.22;NULL;0;0;2;4679;0;0
2013;5;2;2;46206;123;1776;33;26.83;NULL;1;27018;24;289829;8;95526
2013;5;2;3;49542;189;1750;31;16.4;1.6;2;104766;21;382862;8;56095
2013;5;2;4;45603;225;1733;21;9.33;1.33;3;214312;10;93724;8;900
2013;5;2;5;46678;251;1765;26;10.36;NULL;1;24968;21;179025;4;2052
2012;3;1;1;7374;11441;460;2278;19.91;NULL;78;1049786;823;1993939;1377;1658455
2012;3;1;2;11675;25315;614;5149;20.34;NULL;238;3886505;1499;5992045;3412;4222208
2012;3;1;3;15906;18596;763;3585;19.28;NULL;175;3837890;1205;6535462;2205;3712540
2012;3;1;4;20197;13496;914;2498;18.51;1.1;136;3447753;1027;5866602;1335;2229828
2012;3;1;5;23196;8750;1008;1267;14.48;1.12;98;2532245;643;4502276;526;1146123
2012;3;2;1;9790;22651;720;5351;23.62;1.3;294;3246048;1344;4885869;3713;2003264
2012;3;2;2;16133;67658;935;15861;23.44;1.46;991;18640336;2898;19737013;11972;5742213
2012;3;2;3;20369;72329;999;15031;20.78;1.13;820;18666153;2688;22061011;11523;5213108
2012;3;2;4;23541;62957;1059;12215;19.4;NULL;625;14198871;2399;20333690;9191;3273824
2012;3;2;5;26102;38352;1051;6226;16.23;NULL;333;9148468;1658;13353781;4235;1469138
2012;2;1;1;34346;29366;1455;4921;16.76;1.16;342;8418494;2672;19686501;1907;950232
2012;2;1;2;38741;156394;1274;24456;NULL;NULL;1721;48941610;11756;88048904;10979;8066845
2012;2;1;3;41754;154360;1283;27738;NULL;NULL;1487;44147171;11331;86502888;14920;8531011
2012;2;1;4;39401;168404;1259;29970;NULL;NULL;1676;45938105;14155;105096592;14139;9349536
2012;2;1;5;38184;145278;1184;27425;NULL;NULL;1483;38963432;11288;82335281;14654;6759058
2012;2;2;1;35608;41056;1685;7406;18.4;1.55;637;16554584;4569;43071963;2200;1888333
2012;2;2;2;41893;205693;1481;33830;NULL;NULL;2666;81278404;17785;164404974;13379;11317469
2012;2;2;3;45037;209888;1413;34441;NULL;NULL;2206;68793359;15132;138672940;17103;13351438
2012;2;2;4;43524;231433;1372;37241;NULL;NULL;2193;62887341;18474;152936844;16574;11963145
2012;2;2;5;44330;249023;1331;42745;NULL;NULL;2104;60841259;18026;154136180;22615;12033872
2012;1;1;1;26538;190647;999;49008;NULL;NULL;1647;29783124;17847;89024965;29514;13337261
2012;1;1;2;28850;1170392;888;309185;NULL;NULL;10537;211943751;85168;404022580;213480;76901978
2012;1;1;3;30262;1186959;861;342014;NULL;NULL;9518;199964454;83570;399668500;248926;73400430
2012;1;1;4;30035;1041683;860;333137;NULL;NULL;8004;163107888;76920;373700136;248213;64538529
2012;1;1;5;29288;910909;795;333206;NULL;NULL;5635;113969354;63740;292827938;263831;59786513
2012;1;2;1;26308;173165;1167;50286;NULL;NULL;2187;41977635;22457;140588941;25642;15848399
2012;1;2;2;29070;989608;1015;284007;NULL;NULL;12220;253943951;89614;485671981;182173;104531520
2012;1;2;3;30401;1056473;946;302007;NULL;NULL;10036;220598016;81097;434159805;210874;89636941
2012;1;2;4;30646;1083946;927;301929;NULL;NULL;8757;189732224;81447;435506099;211725;78894401
2012;1;2;5;29842;1440809;851;418727;NULL;NULL;9261;200321634;97238;503208563;312228;87094000
2012;4;1;1;56672;6719;2217;1983;29.51;NULL;67;2499916;649;6724497;1267;1421123
2012;4;1;2;62551;84255;1876;22983;27.28;NULL;670;28391358;5457;60704706;16856;12075604
2012;4;1;3;64502;143419;1804;45280;31.57;NULL;952;42211692;9059;97616576;35269;18843581
2012;4;1;4;60962;122452;1741;39398;32.17;NULL;768;30191417;8153;88872823;30477;17739907
2012;4;1;5;58112;82346;1628;26870;32.63;NULL;456;19389291;5962;59551727;20452;13972786
2012;4;2;1;46322;12525;2095;4355;34.77;1.28;160;5290322;1809;21076177;2386;1964893
2012;4;2;2;56361;124766;1992;38658;NULL;NULL;1598;64099275;10754;131167760;26306;19928945
2012;4;2;3;62246;222898;1952;68012;NULL;NULL;1985;89376066;15156;186979457;50871;29748924
2012;4;2;4;60935;260879;1876;71352;NULL;NULL;1880;80583015;16385;196535425;53087;26334174
2012;4;2;5;56588;308346;1668;76751;NULL;NULL;1789;72050881;18395;197437814;56567;26633912
2012;5;1;1;63516;7;2963;1;14.29;NULL;0;0;0;0;1;29
2012;5;1;2;56884;87;2189;9;10.34;NULL;0;0;9;113812;0;0
2012;5;1;3;59261;124;2100;11;8.87;NULL;0;0;7;146710;4;876
2012;5;1;4;56789;96;1895;9;9.38;NULL;0;0;7;55931;2;150
2012;5;1;5;48096;94;1802;8;8.51;NULL;0;0;4;45832;4;25288
2012;5;2;1;55241;8;2387;5;62.5;NULL;0;0;4;63644;1;341
2012;5;2;2;57922;133;2518;46;34.59;NULL;1;21255;39;506916;6;4413
2012;5;2;3;56619;233;2204;33;14.16;1.29;3;84158;23;282557;7;71361
2012;5;2;4;51799;254;1948;34;13.39;NULL;2;98880;26;227249;6;2775
2012;5;2;5;49165;259;1906;13;5.2;NULL;1;27125;12;140731;0;0
2011;3;1;1;6896;9663;432;993;10.28;NULL;60;537547;91;340164;842;77508
2011;3;1;2;11237;20623;602;2554;12.38;NULL;195;3459359;388;2387321;1971;192296
2011;3;1;3;14767;15791;729;1599;10.13;1.26;199;3362775;386;2674933;1014;147033
2011;3;1;4;18730;11236;889;1080;9.61;1.1;114;2846186;435;3071125;531;106998
2011;3;1;5;20525;7313;959;508;6.95;1.31;96;2473247;339;2273085;73;19359
2011;3;2;1;8474;19986;643;3464;17.33;1.15;229;2830465;481;2915213;2754;315491
2011;3;2;2;15256;54379;894;10838;19.93;1.46;796;14491143;1585;14995021;8457;1736430
2011;3;2;3;19561;57853;970;9941;17.18;1.47;851;17199877;1687;17055383;7403;1418956
2011;3;2;4;22630;48138;1032;7892;16.39;1.3;497;10873745;1520;13587246;5875;1215015
2011;3;2;5;24313;28718;1005;3912;13.62;NULL;260;6334841;1065;9054825;2587;796070
2011;2;1;1;33063;23184;1428;3608;15.56;1.41;327;7913181;2113;14561790;1168;637181
2011;2;1;2;37334;119395;1251;15745;NULL;NULL;1412;39655248;8359;58571990;5974;3544572
2011;2;1;3;40568;122892;1261;19478;NULL;NULL;1379;39058388;8854;62676730;9245;3814394
2011;2;1;4;38094;129020;1246;20940;NULL;NULL;1430;38636924;10597;74655540;8913;5351681
2011;2;1;5;36510;109689;1164;18953;NULL;NULL;1134;29431135;8104;57668066;9715;3626755
2011;2;2;1;34633;33001;1672;6275;19.1;1.71;563;15517438;3861;35929162;1851;1361859
2011;2;2;2;40262;157480;1454;23915;NULL;NULL;2216;67521544;13244;127004090;8455;9721900
2011;2;2;3;43685;170095;1384;24425;NULL;NULL;2020;60855163;12498;110177965;9907;9441719
2011;2;2;4;42119;182496;1355;25568;NULL;NULL;1857;52738357;13945;110658439;9766;7787617
2011;2;2;5;42549;192798;1306;28939;NULL;NULL;1782;50166727;12795;105275892;14362;9112483
2011;1;1;1;27084;179499;994;46008;NULL;NULL;1527;30967020;15476;72961516;29005;8878283
2011;1;1;2;29296;1094871;874;275380;NULL;NULL;9090;199225187;75132;345410100;191158;55032209
2011;1;1;3;30416;1150753;836;322079;NULL;NULL;10468;216564299;90817;388835928;220794;53087168
2011;1;1;4;30097;953355;852;285846;NULL;NULL;7214;161524417;64437;305216421;214195;46014237
2011;1;1;5;29228;811411;785;262298;NULL;NULL;4904;108824012;49807;229170077;207587;35042490
2011;1;2;1;27214;150138;1213;48792;NULL;NULL;2125;44441595;19599;123140226;27068;13614678
2011;1;2;2;29548;845628;1023;254093;NULL;NULL;9920;222453423;70399;387275924;173774;92064483
2011;1;2;3;30576;976887;924;270982;NULL;NULL;10963;221079426;90386;417586106;169633;64824834
2011;1;2;4;30764;954449;923;232262;NULL;NULL;7377;169462224;63188;341117076;161697;53797927
2011;1;2;5;29722;1278148;838;318884;NULL;NULL;7878;178868135;75742;394880012;235264;58960630
2011;4;1;1;54567;5950;2129;1397;23.48;NULL;44;1979192;458;5540418;895;503679
2011;4;1;2;59457;67811;1832;15612;23.2;NULL;482;20678698;3735;43443905;11395;4424655
2011;4;1;3;60990;116047;1746;32091;27.65;NULL;802;31092404;7690;70651734;23599;6931254
2011;4;1;4;57425;95306;1694;26178;27.47;NULL;525;23285204;5095;54105319;20558;5517248
2011;4;1;5;54421;63638;1562;15038;23.63;NULL;315;13214795;3326;34469159;11397;2856605
2011;4;2;1;46255;11091;2094;3779;34.7;1.45;161;5814242;1540;16862444;2078;1488848
2011;4;2;2;53783;98822;1935;31563;NULL;NULL;1220;51671814;7812;90135789;22531;12226522
2011;4;2;3;59227;190092;1864;53949;NULL;NULL;2141;83195743;16249;164091396;35559;16817850
2011;4;2;4;57799;207962;1809;50414;NULL;NULL;1435;61902960;11194;136616116;37785;14858412
2011;4;2;5;53187;242838;1586;50515;NULL;NULL;1424;56463333;11886;126951959;37205;13683283
2011;5;1;1;56591;9;2713;1;11.11;NULL;0;0;1;5825;0;0
2011;5;1;2;50373;66;1998;5;7.58;1.52;1;20063;4;13803;0;0
2011;5;1;3;55769;111;2319;3;2.7;NULL;0;0;3;29016;0;0
2011;5;1;4;47700;76;1754;6;7.89;NULL;0;0;6;39828;0;0
2011;5;1;5;45406;81;1915;5;6.17;NULL;0;0;5;25847;0;0
2011;5;2;1;68338;9;2302;2;22.22;NULL;0;0;2;11245;0;0
2011;5;2;2;51253;136;2557;17;12.5;NULL;1;113577;16;149570;0;0
2011;5;2;3;52065;246;2216;15;6.1;NULL;1;27052;14;257021;0;0
2011;5;2;4;46976;255;1818;18;7.6;NULL;0;0;17;307758;1;87
2011;5;2;5;40433;259;1658;14;5.41;NULL;1;31519;12;187832;1;25330
2010;3;1;1;6218;7865;449;1040;13.22;NULL;61;601221;107;360199;872;55546
2010;3;1;2;9000;15883;570;2269;14.29;1.18;187;2811181;260;1584937;1822;179868
2010;3;1;3;9879;16382;606;1418;8.66;1.7;278;2924120;311;1342997;829;81232
2010;3;1;4;13179;7484;762;641;8.56;NULL;74;1336947;168;1360096;399;22701
2010;3;1;5;14260;4452;809;269;6.4;1.57;70;1721786;110;763309;89;41075
2010;3;2;1;7919;15972;694;3616;22.64;1.72;274;2731802;493;2496297;2849;546581
2010;3;2;2;14218;43331;927;10100;23.31;1.99;863;15413768;1188;11717507;8049;1349166
2010;3;2;3;16805;61157;955;8736;NULL;NULL;1381;19267630;1372;11857255;5983;995215
2010;3;2;4;20905;34889;1020;6140;17.6;1.8;378;8225604;756;7714114;5006;987284
2010;3;2;5;21260;17791;950;2311;12.99;1.1;180;3827257;405;3514196;1726;413065
2010;2;1;1;31816;13649;1510;1869;13.69;1.47;200;4560425;977;6956601;692;229847
2010;2;1;2;37101;64334;1393;8652;13.45;1.52;980;26201927;3595;29455944;4077;2554603
2010;2;1;3;43528;71885;1479;12018;16.72;1.26;909;25692029;4325;35365388;6784;2558100
2010;2;1;4;39268;66129;1430;12506;18.91;1.35;895;22282280;4398;34276458;7213;2393534
2010;2;1;5;37317;55726;1338;12009;21.55;1.19;664;16149671;3256;25523287;8089;2318351
2010;2;2;1;33878;19145;1774;3319;17.34;1.67;319;8165959;1924;21195207;1076;886185
2010;2;2;2;40630;82967;1612;13106;NULL;NULL;1385;38453321;5704;60030579;6017;4733084
2010;2;2;3;50129;107755;1683;16478;NULL;NULL;1386;43030813;7052;70641356;8040;5706886
2010;2;2;4;44636;99141;1571;15839;NULL;NULL;1100;30045409;6144;56150232;8595;5020163
2010;2;2;5;44412;110809;1504;20006;NULL;NULL;1041;27655152;5873;57708105;13092;5959253
2010;1;1;1;26058;173424;1036;43824;NULL;NULL;1384;27112760;14233;66543639;28207;6972747
2010;1;1;2;28220;1024663;909;253589;NULL;NULL;8294;182348919;65752;298432258;179543;43749284
2010;1;1;3;28242;1332961;837;318555;NULL;NULL;10985;205312568;102070;391926912;205500;43576191
2010;1;1;4;29005;918423;891;260832;NULL;NULL;6743;144846114;60600;283960138;193489;35975466
2010;1;1;5;28211;759839;823;228820;NULL;NULL;4766;102183001;44395;196066263;179659;26986314
2010;1;2;1;26266;145693;1258;50224;NULL;NULL;1985;42249924;18605;114377703;29634;14041642
2010;1;2;2;28754;795059;1070;245970;NULL;NULL;9522;214201765;61510;345873543;174938;75444143
2010;1;2;3;27939;1326788;910;292997;NULL;NULL;13339;251024534;115032;476893342;164626;56707998
2010;1;2;4;29637;932770;962;217982;NULL;NULL;7026;157126968;58603;316509967;152353;45500492
2010;1;2;5;28562;1210563;876;291028;NULL;NULL;7601;167894044;67388;339317262;216039;49511375
2010;4;1;1;50405;5232;2116;1126;21.52;NULL;31;1220222;298;3107304;797;237387
2010;4;1;2;55019;57510;1867;11547;20.8;NULL;390;16977879;2876;30659896;8281;2787634
2010;4;1;3;56919;119533;1839;25953;21.71;NULL;849;29781209;7640;61399889;17464;4969267
2010;4;1;4;53290;79636;1741;19746;24.8;NULL;413;15418290;4021;39279012;15312;3757817
2010;4;1;5;50535;52763;1604;11123;21.8;NULL;280;9883245;2430;22767450;8413;2511091
2010;4;2;1;41508;10184;2030;3294;32.34;1.36;139;4449598;1313;14571598;1842;966715
2010;4;2;2;49390;84164;1938;26743;31.77;1.13;953;34938148;5651;64286522;20139;8615173
2010;4;2;3;55945;234067;1968;52523;NULL;NULL;2332;81069022;18834;161208632;31357;12577312
2010;4;2;4;53634;182143;1832;43415;NULL;NULL;1280;52208565;8973;105389193;33162;12045111
2010;4;2;5;49594;211588;1621;42900;NULL;NULL;1215;44456714;9411;98166087;32274;10485652
2010;5;1;1;39397;6;2051;0;NULL;NULL;0;0;0;0;0;0
2010;5;1;2;53893;33;2072;1;3.3;NULL;0;0;1;1695;0;0
2010;5;1;3;51173;67;2252;0;NULL;NULL;0;0;0;0;0;0
2010;5;1;4;44049;56;1728;6;10.71;5.36;3;39069;3;9196;0;0
2010;5;1;5;39509;42;2072;5;11.9;NULL;0;0;5;88655;0;0
2010;5;2;1;76306;9;2737;0;NULL;NULL;0;0;0;0;0;0
2010;5;2;2;51748;101;2668;14;13.86;NULL;1;33330;13;143777;0;0
2010;5;2;3;51042;197;2215;21;10.66;NULL;0;0;15;164216;6;436
2010;5;2;4;44910;178;1915;12;6.74;NULL;1;60757;11;61906;0;0
2010;5;2;5;38098;175;1783;9;5.14;NULL;1;27319;8;99352;0;0
